{
  "throughput": {
    "pbft": {
      "intercept": 1615.5458335438218,
      "slope": -21.417104601371676,
      "r2": 0.6113388916952066
    },
    "hotstuff": {
      "intercept": 2187.09280577759,
      "slope": -23.318591330635197,
      "r2": 0.7053043713141571
    },
    "raft": {
      "intercept": 2084.2250643359002,
      "slope": -19.806906237234337,
      "r2": 0.9523331223790433
    },
    "cometbft-light": {
      "intercept": 1974.034460977468,
      "slope": -25.828662537121772,
      "r2": 0.6584773935862251
    },
    "tpbft": {
      "intercept": 2407.2511281271163,
      "slope": -30.544361299337428,
      "r2": 0.721224964576101
    }
  },
  "p99": {
    "pbft": {
      "alpha": 0.3515453616695913,
      "beta": 14.563671110138916,
      "gamma": 273.81873181818247,
      "r2": 0.9956344024294889
    },
    "hotstuff": {
      "alpha": 0.10881325627497072,
      "beta": 3.1990275536963932,
      "gamma": 118.41654545456534,
      "r2": 0.9881504518208722
    },
    "raft": {
      "alpha": 0.05366665170766964,
      "beta": 6.002336098276895,
      "gamma": 79.30188863633856,
      "r2": 0.996816657905774
    },
    "cometbft-light": {
      "alpha": 0.2465157670454456,
      "beta": 9.663068356643802,
      "gamma": 315.41168636366046,
      "r2": 0.9934511421426989
    },
    "tpbft": {
      "alpha": 0.10672421992070835,
      "beta": 16.573970507616846,
      "gamma": 198.89187954546165,
      "r2": 0.9880636540768526
    }
  }
}